Название поселка;Последнее обновление;Номер участка;Стоимость участка;Площадь участка;Кадастровый номер;Ссылки на фото
Новое Рябцево;06.10.2024 04:00;30;595100;10.82;;https://addacha.ru/files/images/originals/poselok/12-7-3639.jpg
Новое Рябцево;06.10.2024 04:00;76;600000;10;;https://addacha.ru/files/images/originals/poselok/12-8-3641.jpg
Новое Рябцево;06.10.2024 04:00;80;600000;10;;https://addacha.ru/files/images/originals/poselok/12-9-3642.jpg
Новое Рябцево;06.10.2024 04:00;87;600000;10;;https://addacha.ru/files/images/originals/poselok/12-1-3633.jpg
Новое Рябцево;06.10.2024 04:00;88;600000;10;;https://addacha.ru/files/images/originals/poselok/12-6-3637.jpg
Новое Рябцево;06.10.2024 04:00;94;600000;10;;https://addacha.ru/files/images/originals/poselok/12-2-3636.jpg
Новое Рябцево;06.10.2024 04:00;128;500000;10;;https://addacha.ru/files/images/originals/poselok/12-5-3638.jpg
Новое Рябцево;06.10.2024 04:00;129;500000;10;;https://addacha.ru/files/images/originals/poselok/12-11-3643.jpg
Новое Рябцево;06.10.2024 04:00;130;500000;10;;https://addacha.ru/files/images/originals/poselok/12-10-3640.jpg
Новое Рябцево;06.10.2024 04:00;160;3200000;10;;https://addacha.ru/files/images/originals/poselok/17-3058.jpg
Новое Рябцево;06.10.2024 04:00;190;450000;10;;https://addacha.ru/files/images/originals/poselok/12-4-3634.jpg
Новое Рябцево;06.10.2024 04:00;194;450000;10;;https://addacha.ru/files/images/originals/poselok/add5-3405.jpg
Новое Рябцево;06.10.2024 04:00;195;450000;10;;https://addacha.ru/files/images/originals/poselok/add4-3411.jpg
Новое Рябцево;06.10.2024 04:00;208;352654;10;;https://addacha.ru/files/images/originals/poselok/add3-3412.jpg
Новое Рябцево;06.10.2024 04:00;213;379400;10.84;;https://addacha.ru/files/images/originals/poselok/add7-3406.jpg
Новое Рябцево;06.10.2024 04:00;214;493650;10.97;;https://addacha.ru/files/images/originals/poselok/add6-3409.jpg
Новое Рябцево;06.10.2024 04:00;228;493200;10.96;;https://addacha.ru/files/images/originals/poselok/add8-3407.jpg
Новое Рябцево;06.10.2024 04:00;239;650000;10;;https://addacha.ru/files/images/originals/poselok/add1-3410.jpg
Новое Рябцево;06.10.2024 04:00;244;493650;10.97;;https://addacha.ru/files/images/originals/poselok/add2-3408.jpg
Мартьяново;06.10.2024 04:00;33;1622378;10.54;;https://addacha.ru/files/images/originals/poselok/dsc-1130-3572.jpg
Мартьяново;06.10.2024 04:00;130;1535818;10.01;;https://addacha.ru/files/images/originals/poselok/img-0396-3574.jpg
Мартьяново;06.10.2024 04:00;194;6086514;19.21;;https://addacha.ru/files/images/originals/poselok/08-3116.jpg
Мартьяново;06.10.2024 04:00;196;5510090;17.44;;https://addacha.ru/files/images/originals/poselok/09-3117.jpg
Мартьяново;06.10.2024 04:00;197;5291369;16.7;;https://addacha.ru/files/images/originals/poselok/10-3118.jpg
Петрухино дальнее;06.10.2024 04:00;1;2116800;13.14;;https://addacha.ru/files/images/originals/poselok/2-2985.jpg
Петрухино дальнее;06.10.2024 04:00;2;1440600;13.43;;https://addacha.ru/files/images/originals/poselok/1-2986.jpg
Петрухино дальнее;06.10.2024 04:00;3;1409800;10.07;;https://addacha.ru/files/images/originals/poselok/3-2987.jpg
Петрухино дальнее;06.10.2024 04:00;4;1437800;10.27;;https://addacha.ru/files/images/originals/poselok/2-2985.jpg
Петрухино дальнее;06.10.2024 04:00;5;1436400;10.26;;https://addacha.ru/files/images/originals/poselok/1-2986.jpg
Петрухино дальнее;06.10.2024 04:00;6;1408400;10.06;;https://addacha.ru/files/images/originals/poselok/3-2987.jpg
Петрухино дальнее;06.10.2024 04:00;14;3582000;17.91;;https://addacha.ru/files/images/originals/poselok/2-2985.jpg
Петрухино дальнее;06.10.2024 04:00;15;2524000;12.62;;https://addacha.ru/files/images/originals/poselok/1-2986.jpg
Петрухино дальнее;06.10.2024 04:00;16;2040000;10.2;;https://addacha.ru/files/images/originals/poselok/3-2987.jpg
Петрухино-2;06.10.2024 04:00;54;2792664;10.17;;https://addacha.ru/files/images/originals/poselok/pp77-result-2529.jpg
Петрухино-2;06.10.2024 04:00;55;2926559;10.74;;https://addacha.ru/files/images/originals/poselok/7-3694.jpg
Петрухино-2;06.10.2024 04:00;61;10000000;12.23;;https://addacha.ru/files/images/originals/poselok/6-3697.jpg
Петрухино-2;06.10.2024 04:00;63;10600000;13.06;;https://addacha.ru/files/images/originals/poselok/10-3700.jpg
Петрухино-2;06.10.2024 04:00;199;3200000;8.35;;https://addacha.ru/files/images/originals/poselok/2-3695.jpg
Петрухино-2;06.10.2024 04:00;228;3592066;11.52;;https://addacha.ru/files/images/originals/poselok/5-3698.jpg
Петрухино-2;06.10.2024 04:00;229;3808707;12.06;;https://addacha.ru/files/images/originals/poselok/p12-result-2531.jpg
Петрухино-2;06.10.2024 04:00;231;3708904;11.86;;https://addacha.ru/files/images/originals/poselok/pp2-result-2530.jpg
Петрухино-2;06.10.2024 04:00;260;3038457;11.36;;https://addacha.ru/files/images/originals/poselok/4-3696.jpg
Петрухино-2;06.10.2024 04:00;262;3035246;11.3;;https://addacha.ru/files/images/originals/poselok/pp655-result-2533.jpg
Петрухино-2;06.10.2024 04:00;264;1135992;10.11;;https://addacha.ru/files/images/originals/poselok/pp44-result-2527.jpg
Петрухино-2;06.10.2024 04:00;278;3365001;12.91;;https://addacha.ru/files/images/originals/poselok/dsc-1163-3597.jpg
Петрухино-2;06.10.2024 04:00;279;3493504;13.49;;https://addacha.ru/files/images/originals/poselok/pp33-result-2528.jpg
Петрухино-2;06.10.2024 04:00;282;3667114;13.79;;https://addacha.ru/files/images/originals/poselok/pp55-result-2532.jpg
Воскресенки;06.10.2024 04:00;1;2374397;12.16;;https://addacha.ru/files/images/originals/poselok/img-0295-result-2342.jpg
Воскресенки;06.10.2024 04:00;2;2226272;12.43;;https://addacha.ru/files/images/originals/poselok/img-4421-result-3167.jpg
Воскресенки;06.10.2024 04:00;3;2293386;12.8;;https://addacha.ru/files/images/originals/poselok/vid4ad-3528.jpg
Воскресенки;06.10.2024 04:00;6;1935260;10.88;;https://addacha.ru/files/images/originals/poselok/vid5ad-3527.jpg
Воскресенки;06.10.2024 04:00;8;1958318;11.01;;https://addacha.ru/files/images/originals/poselok/vid2ad-3526.jpg
Воскресенки;06.10.2024 04:00;15;2204334;11.3;;https://addacha.ru/files/images/originals/poselok/vid3ad-3525.jpg
Воскресенки;06.10.2024 04:00;27;2266050;12.68;;https://addacha.ru/files/images/originals/poselok/3524-result-2931.jpg
Воскресенки;06.10.2024 04:00;28;2209919;12.37;;https://addacha.ru/files/images/originals/poselok/img-4368-result-3164.jpg
Воскресенки;06.10.2024 04:00;29;2395390;12.44;;https://addacha.ru/files/images/originals/poselok/3532-result-2934.jpg
Воскресенки;06.10.2024 04:00;30;2209919;12.37;;https://addacha.ru/files/images/originals/poselok/vid8ad-3531.jpg
Воскресенки;06.10.2024 04:00;31;2266050;12.68;;https://addacha.ru/files/images/originals/poselok/vid7ad-3529.jpg
Воскресенки;06.10.2024 04:00;32;2266003;12.68;;https://addacha.ru/files/images/originals/poselok/vid6ad-3530.jpg
Воскресенки;06.10.2024 04:00;36;1925543;10.81;;https://addacha.ru/files/images/originals/poselok/img-4357-result-3159.jpg
Воскресенки;06.10.2024 04:00;38;1944300;10.75;;https://addacha.ru/files/images/originals/poselok/3531-result-2935.jpg
Воскресенки;06.10.2024 04:00;39;1916847;10.75;;https://addacha.ru/files/images/originals/poselok/img-4391-result-3168.jpg
Воскресенки;06.10.2024 04:00;40;2150200;12.04;;https://addacha.ru/files/images/originals/poselok/3542-result-2936.jpg
Воскресенки;06.10.2024 04:00;43;2197523;11.21;;https://addacha.ru/files/images/originals/poselok/3561-result-2937.jpg
Воскресенки;06.10.2024 04:00;44;2247120;12.4;;https://addacha.ru/files/images/originals/poselok/3545-result-2938.jpg
Воскресенки;06.10.2024 04:00;45;2215800;12.26;;https://addacha.ru/files/images/originals/poselok/3558-result-2939.jpg
Воскресенки;06.10.2024 04:00;46;2172713;12.04;;https://addacha.ru/files/images/originals/poselok/img-4327-result-3155.jpg
Воскресенки;06.10.2024 04:00;47;2279155;12.67;;https://addacha.ru/files/images/originals/poselok/img-4436-result-3171.jpg
Воскресенки;06.10.2024 04:00;48;2203870;12.27;;https://addacha.ru/files/images/originals/poselok/3554-result-2940.jpg
Воскресенки;06.10.2024 04:00;50;2152800;12;;https://addacha.ru/files/images/originals/poselok/img-4379-result-3160.jpg
Воскресенки;06.10.2024 04:00;51;2152800;12;;https://addacha.ru/files/images/originals/poselok/img-4330-result-3156.jpg
Воскресенки;06.10.2024 04:00;52;2173130;10.91;;https://addacha.ru/files/images/originals/poselok/img-4382-result-3173.jpg
Воскресенки;06.10.2024 04:00;54;1953354;10.03;;https://addacha.ru/files/images/originals/poselok/969a0236-result-3174.jpg
Воскресенки;06.10.2024 04:00;55;2254800;12.6;;https://addacha.ru/files/images/originals/poselok/969a0230-result-3175.jpg
Воскресенки;06.10.2024 04:00;56;2254800;12.6;;https://addacha.ru/files/images/originals/poselok/inf2ad-3519.jpg
Воскресенки;06.10.2024 04:00;57;1822775;10.19;;https://addacha.ru/files/images/originals/poselok/vid1ad-3522.jpg
Воскресенки;06.10.2024 04:00;58;2131663;11.84;;https://addacha.ru/files/images/originals/poselok/inf4ad-3523.jpg
Воскресенки;06.10.2024 04:00;59;2180327;12.04;;https://addacha.ru/files/images/originals/poselok/21-1-3644.jpg
Воскресенки;06.10.2024 04:00;66;2152800;12;;https://addacha.ru/files/images/originals/poselok/21-6-3648.jpg
Воскресенки;06.10.2024 04:00;67;2152800;12;;https://addacha.ru/files/images/originals/poselok/21-7-3650.jpg
Воскресенки;06.10.2024 04:00;68;2152800;12;;https://addacha.ru/files/images/originals/poselok/21-9-3653.jpg
Воскресенки;06.10.2024 04:00;69;2152847;12;;https://addacha.ru/files/images/originals/poselok/21-8-3652.jpg
Воскресенки;06.10.2024 04:00;70;2176969;12.19;;https://addacha.ru/files/images/originals/poselok/21-5-3649.jpg
Воскресенки;06.10.2024 04:00;71;2152800;12;;https://addacha.ru/files/images/originals/poselok/21-3-3645.jpg
Воскресенки;06.10.2024 04:00;72;1979180;10;;https://addacha.ru/files/images/originals/poselok/inf5ad-3521.jpg
Воскресенки;06.10.2024 04:00;83;2470995;11.83;;https://addacha.ru/files/images/originals/poselok/21-2-3646.jpg
Воскресенки;06.10.2024 04:00;84;2298200;10.88;;https://addacha.ru/files/images/originals/poselok/21-10-3651.jpg
Воскресенки;06.10.2024 04:00;87;2162800;10.25;;https://addacha.ru/files/images/originals/poselok/21-4-3647.jpg
Воскресенки;06.10.2024 04:00;89;3027209;13.95;;https://addacha.ru/files/images/originals/poselok/inf1ad-3520.jpg
Воскресенки;06.10.2024 04:00;91;2836473;12.03;;https://addacha.ru/files/images/originals/poselok/inf3ad-3524.jpg
Воскресенки;06.10.2024 04:00;92;2284247;10.81;;https://addacha.ru/files/images/originals/poselok/vid9ad-3532.jpg
Воскресенки;06.10.2024 04:00;93;2246988;10.67;;https://addacha.ru/files/images/originals/poselok/3523-result-2927.jpg
Воскресенки;06.10.2024 04:00;97;2267293;11.59;;https://addacha.ru/files/images/originals/poselok/img-0278-result-2340.jpg
Воскресенки;06.10.2024 04:00;98;2863480;15.34;;https://addacha.ru/files/images/originals/poselok/img-4431-result-3170.jpg
Воскресенки;06.10.2024 04:00;99;2427523;12.48;;https://addacha.ru/files/images/originals/poselok/img-0295-result-2342.jpg
Воскресенки;06.10.2024 04:00;100;2192170;12.15;;https://addacha.ru/files/images/originals/poselok/img-4421-result-3167.jpg
Воскресенки;06.10.2024 04:00;101;2428392;12.45;;https://addacha.ru/files/images/originals/poselok/vid4ad-3528.jpg
Воскресенки;06.10.2024 04:00;103;2177700;12.04;;https://addacha.ru/files/images/originals/poselok/vid5ad-3527.jpg
Воскресенки;06.10.2024 04:00;104;2228000;12.47;;https://addacha.ru/files/images/originals/poselok/vid2ad-3526.jpg
Воскресенки;06.10.2024 04:00;105;2115463;10.86;;https://addacha.ru/files/images/originals/poselok/vid3ad-3525.jpg
Воскресенки;06.10.2024 04:00;106;2458225;12.67;;https://addacha.ru/files/images/originals/poselok/3524-result-2931.jpg
Воскресенки;06.10.2024 04:00;107;2228000;12.47;;https://addacha.ru/files/images/originals/poselok/img-4368-result-3164.jpg
Воскресенки;06.10.2024 04:00;108;2150200;12.04;;https://addacha.ru/files/images/originals/poselok/3532-result-2934.jpg
Воскресенки;06.10.2024 04:00;109;1873868;10.43;;https://addacha.ru/files/images/originals/poselok/vid8ad-3531.jpg
Воскресенки;06.10.2024 04:00;111;2029280;10.35;;https://addacha.ru/files/images/originals/poselok/vid7ad-3529.jpg
Воскресенки;06.10.2024 04:00;112;2322182;13.05;;https://addacha.ru/files/images/originals/poselok/vid6ad-3530.jpg
Воскресенки;06.10.2024 04:00;120;2318500;13.03;;https://addacha.ru/files/images/originals/poselok/img-4357-result-3159.jpg
Воскресенки;06.10.2024 04:00;121;2349682;13.05;;https://addacha.ru/files/images/originals/poselok/3531-result-2935.jpg
Воскресенки;06.10.2024 04:00;122;2457967;12.7;;https://addacha.ru/files/images/originals/poselok/img-4391-result-3168.jpg
Воскресенки;06.10.2024 04:00;123;2249442;12.33;;https://addacha.ru/files/images/originals/poselok/3542-result-2936.jpg
Воскресенки;06.10.2024 04:00;124;2165812;12.01;;https://addacha.ru/files/images/originals/poselok/3561-result-2937.jpg
Воскресенки;06.10.2024 04:00;125;2314471;12.94;;https://addacha.ru/files/images/originals/poselok/3545-result-2938.jpg
Воскресенки;06.10.2024 04:00;126;2331489;13.9;;https://addacha.ru/files/images/originals/poselok/3558-result-2939.jpg
Воскресенки;06.10.2024 04:00;137;3061680;13.05;;https://addacha.ru/files/images/originals/poselok/img-4327-result-3155.jpg
Воскресенки;06.10.2024 04:00;148;2649607;11.02;;https://addacha.ru/files/images/originals/poselok/img-4436-result-3171.jpg
Солнечный луг;06.10.2024 04:00;11;518850;11.53;;https://addacha.ru/files/images/originals/poselok/4055-result-3033.jpg
Солнечный луг;06.10.2024 04:00;12;687600;15.28;;https://addacha.ru/files/images/originals/poselok/img-0157-3421.jpg
Солнечный луг;06.10.2024 04:00;13;697950;15.51;;https://addacha.ru/files/images/originals/poselok/img-0170-3422.jpg
Солнечный луг;06.10.2024 04:00;17;695060;15.11;;https://addacha.ru/files/images/originals/poselok/img-0160-3423.jpg
Солнечный луг;06.10.2024 04:00;42;461250;10.25;;https://addacha.ru/files/images/originals/poselok/img-0169-3424.jpg
Солнечный луг;06.10.2024 04:00;43;461700;10.26;;https://addacha.ru/files/images/originals/poselok/img-0159-3425.jpg
Солнечный луг;06.10.2024 04:00;47;549900;12.22;;https://addacha.ru/files/images/originals/poselok/56-1-3654.jpg
Солнечный луг;06.10.2024 04:00;49;2000000;11.73;;https://addacha.ru/files/images/originals/poselok/56-4-3655.jpg
Солнечный луг;06.10.2024 04:00;50;508500;11.3;;https://addacha.ru/files/images/originals/poselok/56-5-3658.jpg
Солнечный луг;06.10.2024 04:00;52;572850;12.73;;https://addacha.ru/files/images/originals/poselok/56-6-3659.jpg
Солнечный луг;06.10.2024 04:00;54;521550;11.59;;https://addacha.ru/files/images/originals/poselok/56-3-3660.jpg
Солнечный луг;06.10.2024 04:00;55;475650;10.57;;https://addacha.ru/files/images/originals/poselok/56-2-3656.jpg
Солнечный луг;06.10.2024 04:00;62;535500;11.9;;https://addacha.ru/files/images/originals/poselok/56-8-3661.jpg
Солнечный луг;06.10.2024 04:00;68;585000;13;;https://addacha.ru/files/images/originals/poselok/56-7-3657.jpg
Солнечный луг;06.10.2024 04:00;69;499500;11.1;;https://addacha.ru/files/images/originals/poselok/4070-result-3037.jpg
Солнечный луг;06.10.2024 04:00;70;489150;10.87;;https://addacha.ru/files/images/originals/poselok/56-10-3663.jpg
Солнечный луг;06.10.2024 04:00;71;454050;10.09;;https://addacha.ru/files/images/originals/poselok/4032-result-3034.jpg
Солнечный луг;06.10.2024 04:00;72;459450;10.21;;https://addacha.ru/files/images/originals/poselok/4037-result-3035.jpg
Солнечный луг;06.10.2024 04:00;73;466650;10.37;;https://addacha.ru/files/images/originals/poselok/4034-result-3036.jpg
Солнечный луг;06.10.2024 04:00;74;466650;10.37;;https://addacha.ru/files/images/originals/poselok/4058-result-3038.jpg
Солнечный луг;06.10.2024 04:00;75;467100;10.38;;https://addacha.ru/files/images/originals/poselok/4068-result-3039.jpg
Солнечный луг;06.10.2024 04:00;76;459000;10.2;;https://addacha.ru/files/images/originals/poselok/4072-result-3040.jpg
Солнечный луг;06.10.2024 04:00;77;463500;10.3;;https://addacha.ru/files/images/originals/poselok/4078-result-3041.jpg
Солнечный луг;06.10.2024 04:00;78;548550;12.19;;https://addacha.ru/files/images/originals/poselok/9130-result-2802.jpg
Солнечный луг;06.10.2024 04:00;79;500400;11.12;;https://addacha.ru/files/images/originals/poselok/9143-result-2799.jpg
Солнечный луг;06.10.2024 04:00;80;489150;10.87;;https://addacha.ru/files/images/originals/poselok/9757-result-2796.jpg
Солнечный луг;06.10.2024 04:00;81;466650;10.37;;https://addacha.ru/files/images/originals/poselok/3127-result-2792.jpg
Арнеево;06.10.2024 04:00;1;2893357;11.44;;https://addacha.ru/files/images/originals/poselok/14-2882.jpg
Арнеево;06.10.2024 04:00;3;2768897;11.02;;https://addacha.ru/files/images/originals/poselok/12-2-3624.jpg
Арнеево;06.10.2024 04:00;76;4248607;14.98;;https://addacha.ru/files/images/originals/poselok/vidi4-3543.jpg
Арнеево;06.10.2024 04:00;91;1840524;12.26;;https://addacha.ru/files/images/originals/poselok/15-2881.jpg
Арнеево;06.10.2024 04:00;124;2474214;8.87;;https://addacha.ru/files/images/originals/poselok/16-2879.jpg
Арнеево;06.10.2024 04:00;137;7175048;19.18;;https://addacha.ru/files/images/originals/poselok/vidi2-3545.jpg
Арнеево;06.10.2024 04:00;169;2875641;20.08;;https://addacha.ru/files/images/originals/poselok/17-2885.jpg
Лёвшино;06.10.2024 04:00;13;1169700;16.71;;https://addacha.ru/files/images/originals/poselok/img-9486-result-1635.jpg
Лёвшино;06.10.2024 04:00;36;2317600;28.97;;https://addacha.ru/files/images/originals/poselok/img-9499-result-1636.jpg
Покровские земли;06.10.2024 04:00;1;2544444;11.19;;https://addacha.ru/files/images/originals/poselok/dji-0031-4835.jpg
Покровские земли;06.10.2024 04:00;42;2315262;10.91;;https://addacha.ru/files/images/originals/poselok/dji-0036-4837.jpg
Покровские земли;06.10.2024 04:00;43;2614656;12.32;;https://addacha.ru/files/images/originals/poselok/dji-0040-4838.jpg
Покровские земли;06.10.2024 04:00;44;2258758;10.45;;https://addacha.ru/files/images/originals/poselok/dji-0044-4839.jpg
Покровские земли;06.10.2024 04:00;45;2692824;12.69;;https://addacha.ru/files/images/originals/poselok/dji-0081-4844.jpg
Покровские земли;06.10.2024 04:00;46;2605694;10.97;;https://addacha.ru/files/images/originals/poselok/dji-0015-4828.jpg
Покровские земли;06.10.2024 04:00;47;2439284;11.14;;https://addacha.ru/files/images/originals/poselok/dji-0069-4845.jpg
Покровские земли;06.10.2024 04:00;48;2775655;12.89;;https://addacha.ru/files/images/originals/poselok/img-6718-4857.jpg
Покровские земли;06.10.2024 04:00;49;2728487;12.11;;https://addacha.ru/files/images/originals/poselok/dji-0076-4843.jpg
Покровские земли;06.10.2024 04:00;50;2491531;11.71;;https://addacha.ru/files/images/originals/poselok/dji-0084-4846.jpg
Покровские земли;06.10.2024 04:00;51;2223975;10.19;;https://addacha.ru/files/images/originals/poselok/img-92273-7-4861.jpg
Покровские земли;06.10.2024 04:00;57;3180467;11.62;;https://addacha.ru/files/images/originals/poselok/dji-0018-4831.jpg
Покровские земли;06.10.2024 04:00;73;2666690;10.04;;https://addacha.ru/files/images/originals/poselok/img-6700-4855.jpg
Покровские земли;06.10.2024 04:00;75;2690853;10.84;;https://addacha.ru/files/images/originals/poselok/img-92273-1-4859.jpg
Покровские земли;06.10.2024 04:00;76;2903818;11.65;;https://addacha.ru/files/images/originals/poselok/dsc-1083-3551.jpg
Покровские земли;06.10.2024 04:00;77;2937985;11.8;;https://addacha.ru/files/images/originals/poselok/dsc-1074-3552.jpg
Покровские земли;06.10.2024 04:00;78;2899732;11.66;;https://addacha.ru/files/images/originals/poselok/img-6691-4856.jpg
Покровские земли;06.10.2024 04:00;79;2899265;11.67;;https://addacha.ru/files/images/originals/poselok/img-6689-4853.jpg
Покровские земли;06.10.2024 04:00;80;2856447;11.51;;https://addacha.ru/files/images/originals/poselok/img-6693-4858.jpg
Покровские земли;06.10.2024 04:00;81;3135343;12.6;;https://addacha.ru/files/images/originals/poselok/img-0331-3556.jpg
Покровские земли;06.10.2024 04:00;82;3171287;12.72;;https://addacha.ru/files/images/originals/poselok/img-6705-4854.jpg
Покровские земли;06.10.2024 04:00;83;3200284;12.87;;https://addacha.ru/files/images/originals/poselok/img-92273-42-4862.jpg
Покровские земли;06.10.2024 04:00;84;3263380;13.1;;https://addacha.ru/files/images/originals/poselok/img-0342-3558.jpg
Покровские земли;06.10.2024 04:00;85;3397464;12.92;;https://addacha.ru/files/images/originals/poselok/img-92273-20-4860.jpg
Покровские земли;06.10.2024 04:00;86;2683381;10.06;;https://addacha.ru/files/images/originals/poselok/img-0367-3562.jpg
Покровские земли;06.10.2024 04:00;88;3000200;12.07;;https://addacha.ru/files/images/originals/poselok/img-0369-3563.jpg
Покровские земли;06.10.2024 04:00;91;3055835;12.34;;https://addacha.ru/files/images/originals/poselok/img-0370-3564.jpg
Покровские земли;06.10.2024 04:00;92;2978800;12.02;;https://addacha.ru/files/images/originals/poselok/img-5582-4948.jpg
Покровские земли;06.10.2024 04:00;93;3014465;12.15;;https://addacha.ru/files/images/originals/poselok/img-5590-4949.jpg
Покровские земли;06.10.2024 04:00;95;3033985;12.2;;https://addacha.ru/files/images/originals/poselok/img-5589-4950.jpg
Покровские земли;06.10.2024 04:00;98;3141143;11.88;;https://addacha.ru/files/images/originals/poselok/dji-0023-4829.jpg
Покровские земли;06.10.2024 04:00;105;3153997;12.08;;https://addacha.ru/files/images/originals/poselok/dji-0021-4832.jpg
Покровские земли;06.10.2024 04:00;120;2956450;11.29;;https://addacha.ru/files/images/originals/poselok/dji-0025-4833.jpg
Покровские земли;06.10.2024 04:00;125;3151356;12.07;;https://addacha.ru/files/images/originals/poselok/dji-0030-4834.jpg
Покровские земли;06.10.2024 04:00;127;3151403;12.07;;https://addacha.ru/files/images/originals/poselok/dji-0031-4835.jpg
Покровские земли;06.10.2024 04:00;132;3325655;12.2;;https://addacha.ru/files/images/originals/poselok/dji-0036-4837.jpg
Покровские земли;06.10.2024 04:00;139;2925646;10.59;;https://addacha.ru/files/images/originals/poselok/dji-0040-4838.jpg